Id,First Name,Last Name,Department,Salary,Date of Joining
1,Lois,Walker,HR,168251,11/24/2003
2,Brenda,Robinson,Database,51063,7/27/2008
3,Joe,Robinson,Admin,50155,7/27/2008
4,Diane,Evans,Frontend,180294,4/16/1999
5,Benjamin,Russell,Database,117642,7/25/2013
6,Patrick,Bailey,Admin,72305,7/22/2005
7,Nancy,Baker,Database,98189,9/14/2016
8,Carol,Murphy,Java,60918,1/28/1983
9,Frances,Young,Frontend,121587,4/27/1994
10,Diana,Peterson,Java,43010,2/17/2014
11,Ralph,Flores,Frontend,118457,4/14/2009
12,Jack,Alexander,Java,82965,4/14/2009
13,Melissa,King,HR,166892,11/24/2015
14,Wayne,Watson,Database,92758,7/19/2017
15,Cheryl,Scott,HR,92220,11/26/1990
16,Paula,Diaz,Database,152654,8/22/1994
17,Joshua,Stewart,Admin,184896,8/22/1994
18,Theresa,Lee,Java,197537,1/19/2015
19,Julia,Scott,Admin,141518,2/23/2005
20,Thomas,Lewis,Frontend,73862,2/23/2005
21,Carol,Edwards,Admin,93967,4/25/2016
22,Matthew,Turner,Java,52237,4/25/2016
23,Joan,Stewart,HR,111673,12/30/2009
24,Ruby,Rogers,Database,160623,8/30/2013
25,Carolyn,Hayes,Admin,42005,8/30/2013
26,Anne,Russell,HR,103160,11/24/2013
27,Daniel,Cooper,Java,153790,11/24/2013
28,Roger,Roberts,Java,129625,1/29/2009
29,Maria,Walker,HR,48944,1/29/2009
30,Brenda,Butler,Database,60508,8/20/1987
31,Lillian,Brown,Frontend,67251,4/13/2015
32,Amy,Howard,Admin,112715,4/13/2015
33,Gregory,Edwards,Database,169245,9/30/2015
34,Roy,Griffin,Admin,170895,8/23/2012
35,Richard,Mitchell,Database,122226,8/18/2016
36,Mary,Wilson,HR,109394,12/22/1991
37,Aaron,Price,Database,54402,12/22/1991
38,Donna,Brown,Admin,129836,7/17/2013
39,Carl,Collins,Frontend,162159,7/17/2013
40,Joyce,Jenkins,Admin,119321,5/14/2010
41,Mary,Bryant,Frontend,155442,5/20/2004
42,Amanda,Hughes,Admin,114257,4/19/2007
43,Jack,Campbell,Database,186280,7/29/2007
44,Alan,Rivera,Frontend,154810,7/29/2007
45,Elizabeth,Jackson,Java,85420,1/19/2005
46,Nancy,Davis,Database,94986,8/25/2012
47,Ernest,Martinez,Java,172098,1/24/2016
48,Judy,Hernandez,HR,133332,12/27/2011
49,Nancy,Jones,Admin,61924,10/16/2015
50,Pamela,Wright,Frontend,149262,10/16/2015
51,Larry,Miller,Java,97904,2/22/2017
52,Ann,Coleman,HR,130014,11/19/2013
53,Judy,Gonzales,Java,149575,11/19/2013
54,Peter,Washington,HR,173226,11/29/2009
55,Clarence,Ross,Admin,165272,12/31/2008
56,Sharon,Lopez,Java,190139,12/31/2008
57,Ann,Cooper,Java,182521,2/15/2017
58,Anne,Perez,Database,114426,7/28/2003
59,Nancy,Howard,Java,101553,7/28/2003
60,Antonio,Roberts,Frontend,181646,7/28/2003
61,Frances,Watson,Database,46945,8/20/2010
62,Debra,Wood,Java,84318,8/20/2010
63,Henry,Jenkins,Frontend,102384,6/21/2017
64,Melissa,Butler,Java,167631,6/21/2017
65,Todd,Hall,Frontend,163560,6/21/2017
66,Christopher,Nelson,HR,190765,6/21/2017
67,Andrea,Garcia,Frontend,54179,4/18/2010
68,Jeremy,Sanchez,Admin,178847,4/18/2010
69,Steven,Phillips,Java,90108,3/27/2015
70,Cynthia,Ramirez,Java,90531,2/18/2009
71,Jason,Anderson,Database,76636,9/21/1999
72,Cynthia,White,Java,186200,9/21/1999
73,Margaret,Brooks,Database,43867,8/26/2016
74,Douglas,Flores,Admin,181793,8/26/2016
75,Paul,Watson,Frontend,145235,6/26/1995
76,Linda,Moore,Admin,113256,5/15/2017
77,Cheryl,Miller,Database,64143,7/30/2007
78,Martha,Washington,Java,116629,7/30/2007
79,William,Hernandez,Java,73734,3/21/2000
80,Carolyn,Price,HR,48736,8/26/2016
81,Ruby,Stewart,Database,174774,6/26/1995
82,Paul,Cooper,Admin,73526,5/15/2017
83,Ernest,Washington,Java,176675,1/31/2015
84,Dorothy,Edwards,HR,179017,12/31/2013
85,Ryan,Alexander,Database,106628,8/31/2014
86,Lillian,Mitchell,HR,149878,8/26/2016
87,Kelly,Adams,Database,51878,6/26/1995
88,Jimmy,Howard,HR,120631,5/15/2017
89,Margaret,Allen,Frontend,180107,5/17/2013
90,Janet,Henderson,HR,114481,12/18/2012
91,Eugene,Perez,HR,122950,5/15/2017
92,Deborah,Smith,Java,52767,5/17/2013
93,Janice,Parker,Database,147641,8/23/2016
94,Rebecca,Stewart,Frontend,160043,8/23/2016
95,Phillip,White,Java,181774,5/15/2017
96,Jose,Hill,Database,129774,5/17/2013
97,Harold,Nelson,Admin,156194,8/23/2011
98,Nicole,Ward,Java,95673,1/23/1989
99,Theresa,Murphy,Database,51015,1/23/1989
100,Tammy,Young,Frontend,93650,4/25/2015
